{"cameraMode":{"drawMode":0,"name":"Shaded","section":"Shading Mode"},"sceneLighting":true,"audioPlay":false,"sceneViewState":{"showFog":true,"showMaterialUpdate":false,"showSkybox":true,"showFlares":true,"showImageEffects":true,"showParticleSystems":true},"in2DMode":false,"pivot":{"x":-10.60888671875,"y":8.495006561279297,"z":-15.330286026000977},"rotation":{"x":-0.37872838973999026,"y":0.06378386169672013,"z":-0.026173805817961694,"w":-0.9229362607002258},"size":92.77552032470703,"orthographic":false}