{"count":1,"self":17948.8784384,"total":30332.347710799997,"children":{"InitializeActuators":{"count":18,"self":0.0030004,"total":0.0030004,"children":null},"InitializeSensors":{"count":18,"self":0.006,"total":0.006,"children":null},"AgentSendState":{"count":5556201,"self":195.4709504,"total":1382.8020167,"children":{"UpdateModelSpacePoses":{"count":10001169,"self":199.0969088,"total":199.09691479999998,"children":null},"UpdateLocalSpacePoses":{"count":10001169,"self":262.3539456,"total":262.3539451,"children":null},"CollectObservations":{"count":10001169,"self":128.7747584,"total":128.7747607,"children":null},"WriteActionMask":{"count":10001169,"self":24.828944,"total":24.8289442,"children":null},"RequestDecision":{"count":10001169,"self":82.365631999999991,"total":572.2765078,"children":{"AgentInfo.ToProto":{"count":10001169,"self":68.050112,"total":489.9108735,"children":{"GenerateSensorData":{"count":10001169,"self":421.8607616,"total":421.8607636,"children":null}}}}}}},"DecideAction":{"count":5556201,"self":10731.6158464,"total":10731.616235899999,"children":null},"AgentAct":{"count":5556201,"self":268.536832,"total":269.0393777,"children":{"AgentInfo.ToProto":{"count":10008,"self":0.0919628,"total":0.502558,"children":{"GenerateSensorData":{"count":10008,"self":0.4105952,"total":0.4105952,"children":null}}}}}},"gauges":{"Walker.CumulativeReward":{"count":10008,"max":3028.52417,"min":-4423.73,"runningAverage":614.168457,"value":2455.85815,"weightedAverage":2645.93945}},"metadata":{"timer_format_version":"0.1.0","start_time_seconds":"1626868888","unity_version":"2018.4.32f1","command_line_arguments":"D:\\2018.4.32f1\\Editor\\Unity.exe -projectpath D:\/saves\/repo2\/RobotControll\/New Unity Project (2) -useHub -hubIPC -cloudEnvironment production -hubSessionId 4c572e60-e8a2-11eb-8419-294f5ccbc126","communication_protocol_version":"1.5.0","com.unity.ml-agents_version":"1.8.0-preview","scene_name":"Walker","end_time_seconds":"1626899220"}}