{
    "name": "root",
    "gauges": {
        "Arm.Policy.Entropy.mean": {
            "value": 1.0153003931045532,
            "min": 1.0153003931045532,
            "max": 1.4178887605667114,
            "count": 333
        },
        "Arm.Policy.Entropy.sum": {
            "value": 30346.314453125,
            "min": 30040.56640625,
            "max": 43897.8359375,
            "count": 333
        },
        "Arm.Environment.EpisodeLength.mean": {
            "value": 146.65174129353233,
            "min": 58.8502994011976,
            "max": 183.8395061728395,
            "count": 333
        },
        "Arm.Environment.EpisodeLength.sum": {
            "value": 29477.0,
            "min": 29372.0,
            "max": 30110.0,
            "count": 333
        },
        "Arm.Policy.ExtrinsicValueEstimate.mean": {
            "value": 2542.538330078125,
            "min": 19.183412551879883,
            "max": 2629.1240234375,
            "count": 333
        },
        "Arm.Policy.ExtrinsicValueEstimate.sum": {
            "value": 518677.8125,
            "min": 3222.813232421875,
            "max": 1308655.0,
            "count": 333
        },
        "Arm.Environment.CumulativeReward.mean": {
            "value": 3240.328425837498,
            "min": 552.7293421545146,
            "max": 3473.1002716713765,
            "count": 333
        },
        "Arm.Environment.CumulativeReward.sum": {
            "value": 661026.9988708496,
            "min": 89542.15342903137,
            "max": 1557418.3175048828,
            "count": 333
        },
        "Arm.Policy.ExtrinsicReward.mean": {
            "value": 3240.328425837498,
            "min": 552.7293421545146,
            "max": 3473.1002716713765,
            "count": 333
        },
        "Arm.Policy.ExtrinsicReward.sum": {
            "value": 661026.9988708496,
            "min": 89542.15342903137,
            "max": 1557418.3175048828,
            "count": 333
        },
        "Arm.Losses.PolicyLoss.mean": {
            "value": 0.017789324064991282,
            "min": 0.010575943420796345,
            "max": 0.026093410425043356,
            "count": 333
        },
        "Arm.Losses.PolicyLoss.sum": {
            "value": 0.017789324064991282,
            "min": 0.010575943420796345,
            "max": 0.04514307142235339,
            "count": 333
        },
        "Arm.Losses.ValueLoss.mean": {
            "value": 610.7242889404297,
            "min": 410.04030151367186,
            "max": 86334.55260416666,
            "count": 333
        },
        "Arm.Losses.ValueLoss.sum": {
            "value": 610.7242889404297,
            "min": 410.04030151367186,
            "max": 145039.9171875,
            "count": 333
        },
        "Arm.Policy.LearningRate.mean": {
            "value": 5.930498023500143e-07,
            "min": 5.930498023500143e-07,
            "max": 0.00029938464020511985,
            "count": 333
        },
        "Arm.Policy.LearningRate.sum": {
            "value": 5.930498023500143e-07,
            "min": 5.930498023500143e-07,
            "max": 0.0005956728614423801,
            "count": 333
        },
        "Arm.Policy.Epsilon.mean": {
            "value": 0.10019765000000004,
            "min": 0.10019765000000004,
            "max": 0.19979487999999995,
            "count": 333
        },
        "Arm.Policy.Epsilon.sum": {
            "value": 0.10019765000000004,
            "min": 0.10019765000000004,
            "max": 0.39855762000000006,
            "count": 333
        },
        "Arm.Policy.Beta.mean": {
            "value": 1.9862735000000245e-05,
            "min": 1.9862735000000245e-05,
            "max": 0.004989764512000001,
            "count": 333
        },
        "Arm.Policy.Beta.sum": {
            "value": 1.9862735000000245e-05,
            "min": 1.9862735000000245e-05,
            "max": 0.009928025237999998,
            "count": 333
        },
        "Arm.IsTraining.mean": {
            "value": 1.0,
            "min": 1.0,
            "max": 1.0,
            "count": 333
        },
        "Arm.IsTraining.sum": {
            "value": 1.0,
            "min": 1.0,
            "max": 1.0,
            "count": 333
        }
    },
    "metadata": {
        "timer_format_version": "0.1.0",
        "start_time_seconds": "1620858313",
        "python_version": "3.7.10 (default, Feb 26 2021, 13:06:18) [MSC v.1916 64 bit (AMD64)]",
        "command_line_arguments": "D:\\Anaconda3\\envs\\ml-agents\\Scripts\\mlagents-learn Arm.yaml --run-id=Arm5 --force",
        "mlagents_version": "0.25.0",
        "mlagents_envs_version": "0.26.0",
        "communication_protocol_version": "1.5.0",
        "pytorch_version": "1.7.1+cu110",
        "numpy_version": "1.20.2",
        "end_time_seconds": "1620890044"
    },
    "total": 31731.1025404,
    "count": 1,
    "self": 0.06744389999948908,
    "children": {
        "run_training.setup": {
            "total": 0.11305129999999997,
            "count": 1,
            "self": 0.11305129999999997
        },
        "TrainerController.start_learning": {
            "total": 31730.9220452,
            "count": 1,
            "self": 34.09204380031224,
            "children": {
                "TrainerController._reset_env": {
                    "total": 7.2252625,
                    "count": 1,
                    "self": 7.2252625
                },
                "TrainerController.advance": {
                    "total": 31689.40809489969,
                    "count": 1231825,
                    "self": 18.716917498346447,
                    "children": {
                        "env_step": {
                            "total": 31670.691177401342,
                            "count": 1231825,
                            "self": 27234.45458070349,
                            "children": {
                                "SubprocessEnvManager._take_step": {
                                    "total": 4416.06209809934,
                                    "count": 1231825,
                                    "self": 78.60327809669616,
                                    "children": {
                                        "TorchPolicy.evaluate": {
                                            "total": 4337.458820002644,
                                            "count": 1111233,
                                            "self": 1190.2865648994757,
                                            "children": {
                                                "TorchPolicy.sample_actions": {
                                                    "total": 3147.172255103168,
                                                    "count": 1111233,
                                                    "self": 3147.172255103168
                                                }
                                            }
                                        }
                                    }
                                },
                                "workers": {
                                    "total": 20.174498598516415,
                                    "count": 1231825,
                                    "self": 0.0,
                                    "children": {
                                        "worker_root": {
                                            "total": 31681.66736380184,
                                            "count": 1231825,
                                            "is_parallel": true,
                                            "self": 6573.180320602562,
                                            "children": {
                                                "steps_from_proto": {
                                                    "total": 0.000598400000000332,
                                                    "count": 1,
                                                    "is_parallel": true,