{"count":1,"self":246.8979712,"total":251.208588,"children":{"InitializeActuators":{"count":1,"self":0.0020239999999999998,"total":0.0020239999999999998,"children":null},"InitializeSensors":{"count":1,"self":0.005461,"total":0.005461,"children":null},"AgentSendState":{"count":2007,"self":0.010171,"total":0.093197999999999989,"children":{"CollectObservations":{"count":407,"self":0.021249999999999998,"total":0.021249999999999998,"children":null},"WriteActionMask":{"count":407,"self":0.001163,"total":0.001163,"children":null},"RequestDecision":{"count":407,"self":0.0038169999999999996,"total":0.060613999999999994,"children":{"AgentInfo.ToProto":{"count":407,"self":0.004259,"total":0.056797,"children":{"GenerateSensorData":{"count":407,"self":0.052537999999999994,"total":0.052537999999999994,"children":null}}}}}}},"DecideAction":{"count":2006,"self":234.54750719999998,"total":234.547531,"children":null},"AgentAct":{"count":2006,"self":0.021863,"total":0.023261,"children":{"AgentInfo.ToProto":{"count":5,"self":5.1E-05,"total":0.001398,"children":{"GenerateSensorData":{"count":5,"self":0.0013469999999999999,"total":0.0013469999999999999,"children":null}}}}}},"gauges":{"Spider.CumulativeReward":{"count":5,"max":-510.868744,"min":-2187.62573,"runningAverage":-1416.65527,"value":-1847.7146,"weightedAverage":-1645.76709}},"metadata":{"timer_format_version":"0.1.0","start_time_seconds":"1617224625","unity_version":"2018.4.32f1","command_line_arguments":"\/home\/dexfrost89\/repo\/build\/RobotBalance.x86_64 --mlagents-port 5005","communication_protocol_version":"1.5.0","com.unity.ml-agents_version":"1.8.0-preview","scene_name":"RobotBalance","end_time_seconds":"1617224876"}}